code,system
M124400,readv2
M122000,readv2
M2y4100,readv2
M12zz00,readv2
M12yB00,readv2
M12y011,readv2
M126500,readv2
M123200,readv2
M12y012,readv2
M12z.00,readv2
M12yD00,readv2
M125500,readv2
M124500,readv2
M126000,readv2
M124111,readv2
M123300,readv2
M130.11,readv2
M123000,readv2
H330.00,readv2
M12yA00,readv2
M120.00,readv2
M126300,readv2
M126600,readv2
M123600,readv2
M125100,readv2
M122300,readv2
M124600,readv2
M12..13,readv2
M124000,readv2
M125200,readv2
M123800,readv2
M124700,readv2
M11..00,readv2
M124300,readv2
M12y800,readv2
M12y811,readv2
M125000,readv2
M125300,readv2
M183100,readv2
M130200,readv2
M12y600,readv2
M116.00,readv2
M12y500,readv2
M125z00,readv2
M121.12,readv2
3355.00,readv2
M126100,readv2
M125400,readv2
M123700,readv2
M123500,readv2
M125z11,readv2
M123100,readv2
M12yC00,readv2
M1...11,readv2
M12z000,readv2
M123400,readv2
M12y700,readv2
M125.00,readv2
M122100,readv2
M12y300,readv2
M12y200,readv2
M12y900,readv2
M126200,readv2
M11z.00,readv2
M124800,readv2
M124200,readv2
M116.11,readv2
2859.0,readv2
L26,readv2
M102.11,readv2
M12z200,readv2
F4D3112,readv2
M12z100,readv2
M113.00,readv2
C391211,readv2
M07y.11,readv2
M114.00,readv2
M112.00,readv2
M119.00,readv2
26C4.00,readv2
F502411,readv2
Myu2200,readv2
M12..12,readv2
Myu2.00,readv2
M12z400,readv2
M111.00,readv2
M102.00,readv2
M12..00,readv2
M12z111,readv2
M12z300,readv2
F502400,readv2
14F1.00,readv2
M11A.00,readv2
M117.00,readv2
M183000,readv2
M182200,readv2
Myu2A00,readv2
M182z00,readv2
M182.00,readv2
M182000,readv2
M115.00,readv2
M128200,readv2
M128300,readv2
M128.00,readv2
M128500,readv2
L23,readv2
M124.00,readv2
Myu2100,readv2
Myu2600,readv2
M128400,readv2
Myu2400,readv2
M129200,readv2
M130.00,readv2
M13..00,readv2
M131.00,readv2
M13z.00,readv2
M252200,readv2
M252300,readv2
M252100,readv2
L30.1,readv2
M129.00,readv2
M129100,readv2
M129300,readv2
L24,readv2
M124z00,readv2
M126z00,readv2
M2y4811,readv2
M129400,readv2
M126.00,readv2
M1B..11,readv2
M128600,readv2
M12yz00,readv2
Myu2300,readv2
Myu2700,readv2
M12y.00,readv2
Myu2500,readv2
M12y000,readv2
M128100,readv2
M129000,readv2
M252.00,readv2
M252000,readv2
M252z00,readv2
M1y1.00,readv2
L30.2,readv2
M183.00,readv2
L28,readv2
F4D3111,readv2
F4D3100,readv2
F4D3000,readv2
M123z00,readv2
M123.00,readv2
M128000,readv2
M124100,readv2
F4D4.00,readv2
F4D5.00,readv2
M122.00,readv2
M122z00,readv2
M173.00,readv2
M183z00,readv2
M183200,readv2
M12y100,readv2
M12y400,readv2
M130000,readv2
M130100,readv2
M165000,readv2
M15y200,readv2
M104.00,readv2
L30.5,readv2
M07z.14,readv2
M121.00,readv2
M121.11,readv2
M1y0.00,readv2
L30.0,readv2
Myu2C00,readv2
L30.8,readv2
M12..11,readv2
M182300,readv2
M13y.00,readv2
L27,readv2
L25,readv2